{
    "frames": [
        {
            "filename": "jumpface5",
            "frame": {
                "w": 296,
                "h": 757,
                "x": 0,
                "y": 0
            },
            "anchor": {
                "x": 0.5,
                "y": 0.5
            }
        },
        {
            "filename": "jumpface0",
            "frame": {
                "w": 246,
                "h": 757,
                "x": 296,
                "y": 0
            },
            "anchor": {
                "x": 0.5,
                "y": 0.5
            }
        },
        {
            "filename": "jumpface4",
            "frame": {
                "w": 269,
                "h": 757,
                "x": 542,
                "y": 0
            },
            "anchor": {
                "x": 0.5,
                "y": 0.5
            }
        },
        {
            "filename": "jumpface3",
            "frame": {
                "w": 351,
                "h": 757,
                "x": 0,
                "y": 757
            },
            "anchor": {
                "x": 0.5,
                "y": 0.5
            }
        },
        {
            "filename": "jumpface2",
            "frame": {
                "w": 353,
                "h": 757,
                "x": 351,
                "y": 757
            },
            "anchor": {
                "x": 0.5,
                "y": 0.5
            }
        },
        {
            "filename": "jumpface1",
            "frame": {
                "w": 358,
                "h": 757,
                "x": 704,
                "y": 757
            },
            "anchor": {
                "x": 0.5,
                "y": 0.5
            }
        }
    ],
    "meta": {
        "description": "Atlas generado con Atlas Packer Gamma V2",
        "web": "https://gammafp.github.io/atlas-packer-phaser/"
    }
}