{
    "frames": [
        {
            "filename": "positionface0",
            "frame": {
                "w": 131,
                "h": 379,
                "x": 0,
                "y": 0
            },
            "anchor": {
                "x": 0.5,
                "y": 0.5
            }
        },
        {
            "filename": "akhizonahjump0",
            "frame": {
                "w": 96,
                "h": 379,
                "x": 131,
                "y": 0
            },
            "anchor": {
                "x": 0.5,
                "y": 0.5
            }
        },
        {
            "filename": "akhizonahjump3",
            "frame": {
                "w": 155,
                "h": 448,
                "x": 227,
                "y": 0
            },
            "anchor": {
                "x": 0.5,
                "y": 0.5
            }
        },
        {
            "filename": "akhizonahjump4",
            "frame": {
                "w": 146,
                "h": 421,
                "x": 382,
                "y": 0
            },
            "anchor": {
                "x": 0.5,
                "y": 0.5
            }
        },
        {
            "filename": "akhizonah_marche8",
            "frame": {
                "w": 96,
                "h": 379,
                "x": 528,
                "y": 0
            },
            "anchor": {
                "x": 0.5,
                "y": 0.5
            }
        },
        {
            "filename": "akhizonah_marche5",
            "frame": {
                "w": 99,
                "h": 379,
                "x": 624,
                "y": 0
            },
            "anchor": {
                "x": 0.5,
                "y": 0.5
            }
        },
        {
            "filename": "akhizonah_knife2",
            "frame": {
                "w": 229,
                "h": 371,
                "x": 723,
                "y": 0
            },
            "anchor": {
                "x": 0.5,
                "y": 0.5
            }
        },
        {
            "filename": "akhizonah_marche2",
            "frame": {
                "w": 167,
                "h": 379,
                "x": 0,
                "y": 448
            },
            "anchor": {
                "x": 0.5,
                "y": 0.5
            }
        },
        {
            "filename": "akhizonah_marche1",
            "frame": {
                "w": 99,
                "h": 379,
                "x": 167,
                "y": 448
            },
            "anchor": {
                "x": 0.5,
                "y": 0.5
            }
        },
        {
            "filename": "akhizonah_marche3",
            "frame": {
                "w": 99,
                "h": 379,
                "x": 266,
                "y": 448
            },
            "anchor": {
                "x": 0.5,
                "y": 0.5
            }
        },
        {
            "filename": "akhizonah_marche4",
            "frame": {
                "w": 167,
                "h": 379,
                "x": 365,
                "y": 448
            },
            "anchor": {
                "x": 0.5,
                "y": 0.5
            }
        },
        {
            "filename": "akhizonahjump1",
            "frame": {
                "w": 156,
                "h": 379,
                "x": 532,
                "y": 448
            },
            "anchor": {
                "x": 0.5,
                "y": 0.5
            }
        },
        {
            "filename": "akhizonah_knife0",
            "frame": {
                "w": 174,
                "h": 379,
                "x": 688,
                "y": 448
            },
            "anchor": {
                "x": 0.5,
                "y": 0.5
            }
        },
        {
            "filename": "akhizonah_knife1",
            "frame": {
                "w": 173,
                "h": 371,
                "x": 862,
                "y": 448
            },
            "anchor": {
                "x": 0.5,
                "y": 0.5
            }
        },
        {
            "filename": "akhizonah_marche6",
            "frame": {
                "w": 167,
                "h": 379,
                "x": 0,
                "y": 827
            },
            "anchor": {
                "x": 0.5,
                "y": 0.5
            }
        },
        {
            "filename": "akhizonah_marche7",
            "frame": {
                "w": 99,
                "h": 379,
                "x": 167,
                "y": 827
            },
            "anchor": {
                "x": 0.5,
                "y": 0.5
            }
        },
        {
            "filename": "akhizonahjump2",
            "frame": {
                "w": 144,
                "h": 416,
                "x": 266,
                "y": 827
            },
            "anchor": {
                "x": 0.5,
                "y": 0.5
            }
        },
        {
            "filename": "akhizonahjump5",
            "frame": {
                "w": 156,
                "h": 379,
                "x": 410,
                "y": 827
            },
            "anchor": {
                "x": 0.5,
                "y": 0.5
            }
        },
        {
            "filename": "akhizonahjump6",
            "frame": {
                "w": 96,
                "h": 379,
                "x": 566,
                "y": 827
            },
            "anchor": {
                "x": 0.5,
                "y": 0.5
            }
        },
        {
            "filename": "akhizonah_marche0",
            "frame": {
                "w": 96,
                "h": 379,
                "x": 662,
                "y": 827
            },
            "anchor": {
                "x": 0.5,
                "y": 0.5
            }
        }
    ],
    "meta": {
        "description": "Atlas generado con Atlas Packer Gamma V2",
        "web": "https://gammafp.github.io/atlas-packer-phaser/"
    }
}